iso3,year,gdp_usd_bn,gov_net_lending_pct_gdp,gov_gross_debt_pct_gdp,gov_revenue_pct_gdp,population_m,gov_expenditure_pct_gdp,gdp_is_estimate,pop_is_estimate
BRB,1980,1.108,,,,0.252,,False,False
BRB,1981,1.219,,,,0.253,,False,False
BRB,1982,1.274,,,,0.254,,False,False
BRB,1983,1.352,,,,0.255,,False,False
BRB,1984,1.474,,,,0.255,,False,False
BRB,1985,1.542,,,,0.256,,False,False
BRB,1986,1.693,,,,0.257,,False,False
BRB,1987,1.865,,,,0.258,,False,False
BRB,1988,1.983,,,,0.259,,False,False
BRB,1989,2.195,,,,0.259,,False,False
BRB,1990,2.202,,,,0.26,,False,False
BRB,1991,2.211,,,,0.261,,False,False
BRB,1992,2.129,,,,0.262,,False,False
BRB,1993,2.257,,,,0.263,,False,False
BRB,1994,2.354,6.276,51.374,22.177,0.264,15.901,False,False
BRB,1995,2.481,5.788,51.975,23.09,0.265,17.302,False,False
BRB,1996,2.657,3.501,52.32,22.568,0.266,19.067,False,False
BRB,1997,2.818,5.152,51.959,24.738,0.267,19.585,False,False
BRB,1998,3.23,5.633,47.233,23.392,0.268,17.759,False,False
BRB,1999,3.392,5.064,47.044,23.541,0.269,18.478,False,False
BRB,2000,3.499,4.679,53.594,24.372,0.27,19.694,False,False
BRB,2001,3.494,3.831,58.995,24.535,0.271,20.704,False,False
BRB,2002,3.554,-4.958,62.009,24.164,0.271,29.122,False,False
BRB,2003,3.676,-2.861,61.778,24.841,0.272,27.701,False,False
BRB,2004,3.966,-2.73,61.048,23.464,0.273,26.194,False,False
BRB,2005,4.451,-2.785,62.718,23.595,0.274,26.379,False,False
BRB,2006,4.969,-3.131,64.105,21.843,0.275,24.974,False,False
BRB,2007,5.572,-4.078,64.949,22.044,0.276,26.122,False,False
BRB,2008,5.708,-3.944,69.83,23.116,0.277,27.06,False,False
BRB,2009,5.351,-6.186,83.468,21.636,0.278,27.822,False,False
BRB,2010,5.429,-7.101,90.329,20.859,0.28,27.96,False,False
BRB,2011,5.563,-3.468,94.389,23.001,0.281,26.469,False,False
BRB,2012,5.487,-6.695,103.477,22.218,0.282,28.913,False,False
BRB,2013,5.66,-8.461,111.683,20.599,0.283,29.061,False,False
BRB,2014,5.685,-6.196,115.077,21.159,0.283,27.355,False,False
BRB,2015,5.7,-7.582,122.476,21.585,0.284,29.167,False,False
BRB,2016,5.679,-4.549,127.143,24.069,0.285,28.618,False,False
BRB,2017,5.847,-3.644,134.587,24.333,0.286,27.977,False,False
BRB,2018,6.001,-0.321,107.162,24.703,0.286,25.024,False,False
BRB,2019,6.167,2.86,101.555,25.07,0.287,22.209,False,False
BRB,2020,5.403,-4.194,129.56,26.38,0.288,30.574,False,False
BRB,2021,5.949,-3.88,108.564,23.243,0.289,27.123,False,False
BRB,2022,6.887,-1.74,103.968,25.172,0.289,26.912,False,False
BRB,2023,7.223,-1.574,104.122,24.879,0.29,26.453,False,False
BRB,2024,7.598,-0.836,98.903,27.245,0.291,28.081,False,False
BRB,2025,8.017,-0.309,94.239,26.663,0.292,26.973,True,True
BRB,2026,8.483,-0.057,89.519,26.12,0.292,26.177,True,True
BRB,2027,8.955,0.167,85.078,26.158,0.293,25.99,True,True
BRB,2028,9.375,0.136,81.17,26.159,0.294,26.022,True,True
BRB,2029,9.811,0.289,77.032,26.172,0.295,25.883,True,True
BRB,2030,10.268,0.389,73.099,26.162,0.295,25.773,True,True
BRB,2031,10.75,0.604,69.109,26.162,0.296,25.559,True,True
