iso3,year,gdp_usd_bn,gov_revenue_pct_gdp,gov_gross_debt_pct_gdp,gov_expenditure_pct_gdp,gov_net_lending_pct_gdp,population_m,gdp_is_estimate,pop_is_estimate
CHN,1980,303.55,,,,,987.05,False,False
CHN,1981,289.215,,,,,1000.72,False,False
CHN,1982,285.139,24.451,,24.231,0.22,1016.54,False,False
CHN,1983,306.013,24.638,,24.647,-0.01,1030.08,False,False
CHN,1984,314.832,23.477,,23.407,0.07,1043.57,False,False
CHN,1985,310.709,23.38,,22.456,0.923,1058.51,False,False
CHN,1986,301.471,21.958,,22.303,-0.345,1075.07,False,False
CHN,1987,328.305,19.7,,20.399,-0.699,1093.0,False,False
CHN,1988,409.363,17.191,,18.154,-0.963,1110.26,False,False
CHN,1989,458.985,17.65,,18.562,-0.912,1127.04,False,False
CHN,1990,397.359,17.454,,18.172,-0.717,1143.33,False,False
CHN,1991,415.946,15.497,,16.533,-1.037,1158.23,False,False
CHN,1992,495.515,13.433,,14.649,-1.217,1171.71,False,False
CHN,1993,621.918,12.543,,13.432,-0.889,1185.17,False,False
CHN,1994,566.382,10.691,,12.368,-1.676,1198.5,False,False
CHN,1995,737.894,10.132,21.424,11.076,-0.944,1211.21,False,False
CHN,1996,868.768,10.256,21.221,10.989,-0.733,1223.89,False,False
CHN,1997,967.89,10.782,20.394,11.508,-0.726,1236.26,False,False
CHN,1998,1035.515,11.52,20.438,12.596,-1.076,1247.61,False,False
CHN,1999,1101.119,12.555,21.609,14.85,-2.296,1257.86,False,False
CHN,2000,1220.346,13.259,22.708,16.071,-2.811,1267.43,False,False
CHN,2001,1351.395,14.649,24.252,17.211,-2.562,1276.27,False,False
CHN,2002,1486.628,15.363,25.553,18.206,-2.843,1284.53,False,False
CHN,2003,1680.932,15.608,26.418,17.968,-2.36,1292.27,False,False
CHN,2004,1978.988,16.115,26.0,17.605,-1.489,1299.88,False,False
CHN,2005,2326.577,16.608,25.91,17.988,-1.38,1307.56,False,False
CHN,2006,2798.78,16.93,25.174,18.056,-1.126,1314.48,False,False
CHN,2007,3613.61,17.925,28.708,17.867,0.058,1321.29,False,False
CHN,2008,4655.583,22.133,26.715,22.157,-0.024,1328.02,False,False
CHN,2009,5176.499,23.501,33.985,25.222,-1.721,1334.5,False,False
CHN,2010,6138.878,24.309,33.343,24.664,-0.356,1340.91,False,False
CHN,2011,7628.383,26.551,33.184,26.647,-0.096,1349.16,False,False
CHN,2012,8682.534,27.397,33.825,27.694,-0.297,1359.22,False,False
CHN,2013,9787.51,27.281,36.438,28.104,-0.823,1367.26,False,False
CHN,2014,10702.458,27.74,39.308,28.412,-0.672,1376.46,False,False
CHN,2015,11305.64,28.512,40.782,31.012,-2.5,1383.26,False,False
CHN,2016,11452.0,28.366,50.033,31.692,-3.326,1392.32,False,False
CHN,2017,12516.152,28.675,53.891,32.014,-3.339,1400.11,False,False
CHN,2018,14107.927,28.44,55.875,32.642,-4.202,1405.41,False,False
CHN,2019,14593.45,27.605,59.838,33.609,-6.005,1410.08,False,False
CHN,2020,15110.191,25.275,70.134,34.838,-9.563,1412.12,False,False
CHN,2021,18183.505,26.009,72.131,31.911,-5.902,1412.6,False,False
CHN,2022,18337.777,25.323,77.294,32.641,-7.319,1411.75,False,False
CHN,2023,18366.936,26.026,84.084,32.734,-6.708,1409.67,False,False
CHN,2024,18945.112,25.831,90.421,32.938,-7.108,1408.28,False,False
CHN,2025,19626.247,25.011,99.238,32.879,-7.868,1405.08,False,True
CHN,2026,20851.593,24.665,106.895,32.818,-8.153,1401.923,True,True
CHN,2027,21928.979,24.862,112.475,33.22,-8.358,1398.713,True,True
CHN,2028,23259.956,25.016,116.742,33.224,-8.208,1395.198,True,True
CHN,2029,24662.788,25.104,120.348,33.135,-8.031,1391.374,True,True
CHN,2030,26046.793,25.188,123.789,33.164,-7.976,1387.277,True,True
CHN,2031,27496.67,25.188,126.786,33.202,-8.014,1382.906,True,True
