iso3,year,gdp_usd_bn,gov_gross_debt_pct_gdp,gov_revenue_pct_gdp,gov_net_lending_pct_gdp,population_m,gov_expenditure_pct_gdp,gdp_is_estimate,pop_is_estimate
CRI,1980,4.854,,,,2.302,,False,False
CRI,1981,2.636,,,,2.372,,False,False
CRI,1982,2.619,,,,2.443,,False,False
CRI,1983,3.162,,,,2.514,,False,False
CRI,1984,3.678,,,,2.588,,False,False
CRI,1985,3.941,,,,2.666,,False,False
CRI,1986,4.425,,,,2.746,,False,False
CRI,1987,4.554,,,,2.824,,False,False
CRI,1988,4.636,,,,2.901,,False,False
CRI,1989,5.25,,,,2.977,,False,False
CRI,1990,5.737,,14.47,-4.404,3.051,18.873,False,False
CRI,1991,7.197,,11.594,-2.411,3.122,14.005,False,False
CRI,1992,8.566,,12.232,-1.514,3.191,13.745,False,False
CRI,1993,9.586,,12.294,-1.523,3.275,13.817,False,False
CRI,1994,10.489,,11.96,-5.462,3.373,17.422,False,False
CRI,1995,11.578,,12.718,-3.684,3.47,16.402,False,False
CRI,1996,11.683,33.685,12.965,-4.322,3.565,17.287,False,False
CRI,1997,12.618,30.559,12.866,-3.39,3.657,16.256,False,False
CRI,1998,13.688,40.691,13.062,-2.965,3.747,16.027,False,False
CRI,1999,14.259,38.984,13.831,-2.881,3.838,16.712,False,False
CRI,2000,15.016,38.85,13.186,-3.684,3.81,16.87,False,False
CRI,2001,15.979,39.644,13.81,-3.471,3.953,17.28,False,False
CRI,2002,16.584,41.438,13.558,-4.992,4.022,18.551,False,False
CRI,2003,17.277,40.566,14.135,-3.432,4.086,17.567,False,False
CRI,2004,18.615,41.002,13.591,-3.415,4.152,17.006,False,False
CRI,2005,20.049,37.321,13.797,-2.091,4.215,15.889,False,False
CRI,2006,22.717,33.037,14.108,-1.043,4.279,15.15,False,False
CRI,2007,26.885,26.975,15.154,0.558,4.34,14.595,False,False
CRI,2008,30.802,24.007,15.362,0.182,4.404,15.18,False,False
CRI,2009,30.746,26.026,13.408,-3.251,4.469,16.659,False,False
CRI,2010,37.656,28.09,13.086,-4.956,4.554,18.042,False,False
CRI,2011,42.762,29.513,13.27,-3.91,4.613,17.18,False,False
CRI,2012,47.231,33.741,13.128,-4.215,4.673,17.343,False,False
CRI,2013,50.949,35.076,13.273,-5.246,4.733,18.519,False,False
CRI,2014,52.017,37.436,12.946,-5.454,4.793,18.4,False,False
CRI,2015,56.442,39.786,13.237,-5.522,4.851,18.759,False,False
CRI,2016,58.847,44.056,13.662,-5.094,4.909,18.756,False,False
CRI,2017,60.517,47.064,13.278,-5.879,4.966,19.157,False,False
CRI,2018,62.57,51.717,13.204,-5.647,5.022,18.851,False,False
CRI,2019,64.748,56.138,14.924,-6.65,5.075,21.574,False,False
CRI,2020,62.792,66.474,13.821,-8.325,5.128,22.146,False,False
CRI,2021,65.582,66.98,15.537,-5.037,5.18,20.574,False,False
CRI,2022,70.993,61.426,15.977,-2.736,5.229,18.713,False,False
CRI,2023,87.524,60.411,15.085,-3.214,5.278,18.299,False,False
CRI,2024,96.73,58.91,14.874,-3.729,5.325,18.603,False,False
CRI,2025,102.902,60.412,14.419,-3.35,5.37,17.769,False,False
CRI,2026,109.931,61.101,14.227,-3.642,5.416,17.868,True,True
CRI,2027,116.204,61.443,14.115,-3.501,5.461,17.617,True,True
CRI,2028,122.751,61.38,13.96,-3.161,5.508,17.122,True,True
CRI,2029,129.529,60.847,13.802,-2.825,5.554,16.628,True,True
CRI,2030,136.738,59.906,13.645,-2.481,5.601,16.127,True,True
CRI,2031,144.622,58.597,13.448,-2.195,5.648,15.643,True,True
