iso3,year,population_m,gov_gross_debt_pct_gdp,gov_net_lending_pct_gdp,gov_expenditure_pct_gdp,gov_revenue_pct_gdp,gdp_usd_bn,gdp_is_estimate,pop_is_estimate
GMB,1980,0.67,,,,,0.606,False,False
GMB,1981,0.712,,,,,0.58,False,False
GMB,1982,0.738,,,,,0.547,False,False
GMB,1983,0.768,,,,,0.55,False,False
GMB,1984,0.799,,,,,0.396,False,False
GMB,1985,0.832,,,,,0.482,False,False
GMB,1986,0.866,,,,,0.376,False,False
GMB,1987,0.901,,,,,0.504,False,False
GMB,1988,0.938,,,,,0.585,False,False
GMB,1989,0.976,,,,,0.614,False,False
GMB,1990,1.016,,,,,0.721,False,False
GMB,1991,1.058,,,,,0.76,False,False
GMB,1992,1.101,,,,,0.82,False,False
GMB,1993,1.166,,,,,0.878,False,False
GMB,1994,1.206,,,,,0.87,False,False
GMB,1995,1.244,,,,,0.909,False,False
GMB,1996,1.281,,,,,0.949,False,False
GMB,1997,1.339,,,,,0.983,False,False
GMB,1998,1.377,,,,,1.009,False,False
GMB,1999,1.416,,,,,1.036,False,False
GMB,2000,1.455,73.25,-0.091,9.538,9.447,1.01,False,False
GMB,2001,1.495,75.23,-2.523,9.681,7.159,1.002,False,False
GMB,2002,1.536,93.875,0.059,8.595,8.654,0.887,False,False
GMB,2003,1.578,91.694,-1.732,9.302,7.57,0.843,False,False
GMB,2004,1.621,81.303,-1.766,12.377,10.611,0.962,False,False
GMB,2005,1.667,82.596,-3.332,12.947,9.614,1.028,False,False
GMB,2006,1.715,87.344,-3.194,14.021,10.828,1.054,False,False
GMB,2007,1.766,38.023,0.275,11.194,11.469,1.28,False,False
GMB,2008,1.818,39.528,-0.454,11.551,11.097,1.562,False,False
GMB,2009,1.871,38.868,-1.648,14.353,12.706,1.45,False,False
GMB,2010,1.927,42.949,-2.928,14.555,11.627,1.543,False,False
GMB,2011,1.984,49.241,-3.028,16.544,13.516,1.41,False,False
GMB,2012,2.043,49.492,-2.848,19.119,16.271,1.415,False,False
GMB,2013,2.104,58.244,-5.106,17.179,12.073,1.376,False,False
GMB,2014,2.165,71.086,-3.937,18.982,15.046,1.229,False,False
GMB,2015,2.225,69.369,-5.375,19.578,14.203,1.355,False,False
GMB,2016,2.284,79.518,-6.224,19.372,13.148,1.47,False,False
GMB,2017,2.342,86.979,-4.349,23.622,19.273,1.498,False,False
GMB,2018,2.4,83.596,-3.923,19.008,15.085,1.662,False,False
GMB,2019,2.461,82.967,-2.746,23.935,21.189,1.806,False,False
GMB,2020,2.523,85.888,-2.369,25.348,22.979,1.809,False,False
GMB,2021,2.586,83.113,-4.766,21.496,16.73,2.045,False,False
GMB,2022,2.652,83.93,-5.716,24.635,18.919,2.135,False,False
GMB,2023,2.719,77.37,-3.556,23.945,20.389,2.331,False,False
GMB,2024,2.787,78.471,-4.004,25.332,21.328,2.403,True,True
GMB,2025,2.858,73.899,-2.949,27.138,24.189,2.584,True,True
GMB,2026,2.93,68.263,-0.992,25.474,24.483,2.792,True,True
GMB,2027,3.004,61.566,-0.427,24.048,23.621,3.021,True,True
GMB,2028,3.079,56.377,-0.608,23.503,22.894,3.273,True,True
GMB,2029,3.157,51.837,-0.543,23.276,22.733,3.516,True,True
GMB,2030,3.237,48.118,-0.465,23.064,22.599,3.793,True,True
GMB,2031,3.318,44.289,-0.498,22.673,22.174,4.106,True,True
