iso3,year,gov_gross_debt_pct_gdp,gov_net_lending_pct_gdp,gdp_usd_bn,gov_revenue_pct_gdp,population_m,gov_expenditure_pct_gdp,gdp_is_estimate,pop_is_estimate
LCA,1980,,,0.17,,0.121,,False,False
LCA,1981,,,0.194,,0.122,,False,False
LCA,1982,,,0.183,,0.124,,False,False
LCA,1983,,,0.197,,0.125,,False,False
LCA,1984,,,0.251,,0.127,,False,False
LCA,1985,,-1.496,0.284,18.891,0.129,20.387,False,False
LCA,1986,,-1.609,0.34,19.489,0.131,21.098,False,False
LCA,1987,,0.561,0.375,20.472,0.133,19.911,False,False
LCA,1988,,2.019,0.429,20.219,0.135,18.2,False,False
LCA,1989,,0.893,0.486,19.921,0.137,19.028,False,False
LCA,1990,16.736,0.288,0.579,16.785,0.138,16.497,False,False
LCA,1991,19.278,-0.419,0.613,17.545,0.14,17.964,False,False
LCA,1992,22.125,-0.66,0.674,17.637,0.142,18.297,False,False
LCA,1993,22.694,-0.254,0.684,21.296,0.144,21.55,False,False
LCA,1994,23.352,-0.018,0.713,18.719,0.146,18.737,False,False
LCA,1995,22.703,-0.133,0.762,18.887,0.148,19.019,False,False
LCA,1996,23.924,-0.573,0.788,18.258,0.15,18.83,False,False
LCA,1997,26.625,-1.101,0.805,17.939,0.153,19.041,False,False
LCA,1998,29.079,2.219,0.877,20.792,0.155,18.573,False,False
LCA,1999,28.795,1.613,0.921,22.496,0.157,20.884,False,False
LCA,2000,32.805,-1.171,0.932,19.754,0.159,20.925,False,False
LCA,2001,38.012,-3.072,0.892,18.964,0.16,22.036,False,False
LCA,2002,47.653,-3.026,0.899,19.98,0.162,23.007,False,False
LCA,2003,44.692,-3.17,0.987,19.316,0.163,22.486,False,False
LCA,2004,48.774,-2.585,1.066,19.912,0.164,22.497,False,False
LCA,2005,50.426,-6.005,1.135,19.281,0.165,25.286,False,False
LCA,2006,47.96,-5.006,1.267,19.409,0.167,24.415,False,False
LCA,2007,48.202,-1.592,1.331,20.592,0.168,22.184,False,False
LCA,2008,46.901,-0.72,1.426,21.627,0.169,22.347,False,False
LCA,2009,50.24,-2.627,1.4,21.56,0.17,24.187,False,False
LCA,2010,52.229,-4.106,1.483,21.53,0.171,25.636,False,False
LCA,2011,54.941,-5.351,1.569,21.504,0.172,26.854,False,False
LCA,2012,60.18,-6.926,1.598,20.181,0.173,27.107,False,False
LCA,2013,61.236,-3.98,1.66,20.308,0.173,24.288,False,False
LCA,2014,61.854,-2.291,1.749,20.33,0.174,22.621,False,False
LCA,2015,60.551,-1.183,1.808,20.895,0.175,22.078,False,False
LCA,2016,60.214,-1.534,1.869,21.088,0.176,22.622,False,False
LCA,2017,59.919,-2.094,1.999,20.873,0.176,22.967,False,False
LCA,2018,60.282,-1.217,2.061,21.962,0.177,23.179,False,False
LCA,2019,62.113,-2.946,2.095,21.612,0.178,24.559,False,False
LCA,2020,94.413,-11.516,1.511,21.611,0.178,33.128,False,False
LCA,2021,81.898,-5.352,1.869,21.347,0.179,26.7,False,False
LCA,2022,73.909,-2.48,2.334,21.31,0.179,23.79,False,False
LCA,2023,75.223,-3.178,2.397,22.076,0.179,25.253,False,False
LCA,2024,76.656,-1.814,2.574,22.571,0.18,24.384,False,False
LCA,2025,77.076,-2.88,2.651,22.361,0.182,25.241,True,True
LCA,2026,77.453,-2.932,2.765,22.19,0.183,25.122,True,True
LCA,2027,77.686,-2.923,2.891,22.108,0.184,25.031,True,True
LCA,2028,77.718,-2.692,3.021,22.163,0.185,24.855,True,True
LCA,2029,77.697,-2.536,3.154,22.125,0.186,24.661,True,True
LCA,2030,77.558,-2.348,3.284,22.073,0.187,24.421,True,True
LCA,2031,77.374,-2.427,3.433,21.972,0.189,24.4,True,True
