iso3,year,gov_expenditure_pct_gdp,gdp_usd_bn,gov_gross_debt_pct_gdp,gov_net_lending_pct_gdp,population_m,gov_revenue_pct_gdp,gdp_is_estimate,pop_is_estimate
LUX,1980,,6.434,,,0.364,,False,False
LUX,1981,,5.549,,,0.365,,False,False
LUX,1982,,4.557,,,0.366,,False,False
LUX,1983,,4.473,,,0.366,,False,False
LUX,1984,,4.385,,,0.366,,False,False
LUX,1985,,4.544,,,0.367,,False,False
LUX,1986,,6.611,,,0.368,,False,False
LUX,1987,,8.211,,,0.371,,False,False
LUX,1988,,9.301,,,0.374,,False,False
LUX,1989,,9.903,,,0.378,,False,False
LUX,1990,,12.628,,,0.382,,False,False
LUX,1991,,13.683,,,0.387,,False,False
LUX,1992,,15.328,,,0.392,,False,False
LUX,1993,,15.714,,,0.398,,False,False
LUX,1994,,17.487,,,0.404,,False,False
LUX,1995,41.981,20.571,10.282,2.714,0.406,44.695,False,False
LUX,1996,42.547,20.464,10.168,2.369,0.412,44.916,False,False
LUX,1997,44.155,18.428,10.062,2.655,0.417,46.81,False,False
LUX,1998,43.916,19.263,9.51,2.983,0.422,46.899,False,False
LUX,1999,41.747,21.089,8.394,3.242,0.427,44.989,False,False
LUX,2000,37.975,21.24,7.494,5.551,0.434,43.525,False,False
LUX,2001,38.139,21.388,7.623,5.623,0.439,43.762,False,False
LUX,2002,41.761,23.633,7.448,2.031,0.444,43.792,False,False
LUX,2003,43.336,29.66,7.435,0.276,0.448,43.612,False,False
LUX,2004,43.675,35.049,7.83,-1.392,0.455,42.283,False,False
LUX,2005,43.445,37.693,7.95,-0.211,0.461,43.233,False,False
LUX,2006,39.402,42.912,8.205,1.905,0.469,41.306,False,False
LUX,2007,37.391,51.593,8.092,4.354,0.476,41.745,False,False
LUX,2008,37.927,58.838,14.628,3.367,0.484,41.294,False,False
LUX,2009,42.696,54.408,15.285,-0.213,0.494,42.483,False,False
LUX,2010,41.956,56.26,19.09,-0.258,0.502,41.699,False,False
LUX,2011,41.503,61.685,18.503,0.65,0.512,42.154,False,False
LUX,2012,41.814,59.814,20.849,0.504,0.525,42.318,False,False
LUX,2013,41.239,65.204,22.407,0.841,0.537,42.079,False,False
LUX,2014,40.612,68.823,21.863,1.332,0.55,41.944,False,False
LUX,2015,40.366,60.078,21.133,1.304,0.563,41.669,False,False
LUX,2016,40.045,62.2,19.598,1.89,0.576,41.935,False,False
LUX,2017,41.277,65.689,21.802,1.367,0.591,42.644,False,False
LUX,2018,42.318,71.118,20.87,3.175,0.602,45.493,False,False
LUX,2019,43.072,69.88,22.339,2.679,0.614,45.751,False,False
LUX,2020,47.04,73.612,24.533,-3.093,0.626,43.948,False,False
LUX,2021,42.396,86.444,24.185,1.114,0.635,43.511,False,False
LUX,2022,44.299,80.865,24.902,0.214,0.645,44.513,False,False
LUX,2023,46.351,88.814,24.682,-0.655,0.661,45.696,False,False
LUX,2024,46.842,93.252,26.281,0.888,0.672,47.73,False,False
LUX,2025,48.259,101.1,26.972,-0.965,0.682,47.294,True,False
LUX,2026,48.592,110.417,28.04,-1.189,0.696,47.402,True,True
LUX,2027,48.959,114.475,28.854,-1.238,0.71,47.72,True,True
LUX,2028,49.343,119.152,30.535,-2.444,0.724,46.899,True,True
LUX,2029,49.774,124.119,32.178,-2.691,0.738,47.083,True,True
LUX,2030,50.221,129.281,33.73,-2.886,0.753,47.334,True,True
LUX,2031,50.674,134.618,35.2,-3.073,0.768,47.601,True,True
