iso3,year,population_m,gdp_usd_bn,gov_expenditure_pct_gdp,gov_gross_debt_pct_gdp,gov_net_lending_pct_gdp,gov_revenue_pct_gdp,gdp_is_estimate,pop_is_estimate
MLT,1980,0.315,,,,,,False,False
MLT,1981,0.318,,,,,,False,False
MLT,1982,0.32,,,,,,False,False
MLT,1983,0.332,,,,,,False,False
MLT,1984,0.329,,,,,,False,False
MLT,1985,0.332,,,,,,False,False
MLT,1986,0.341,,,,,,False,False
MLT,1987,0.343,,,,,,False,False
MLT,1988,0.346,,,,,,False,False
MLT,1989,0.349,,,,,,False,False
MLT,1990,0.352,,,,,,False,False
MLT,1991,0.362,,,,,,False,False
MLT,1992,0.366,,,,,,False,False
MLT,1993,0.369,,,,,,False,False
MLT,1994,0.373,,,,,,False,False
MLT,1995,0.376,3.353,,45.303,,,False,False
MLT,1996,0.378,3.419,,51.462,,,False,False
MLT,1997,0.381,3.461,,60.795,,,False,False
MLT,1998,0.384,3.667,,66.362,,,False,False
MLT,1999,0.386,3.827,,69.768,,,False,False
MLT,2000,0.389,4.042,42.917,64.417,-5.828,37.09,False,False
MLT,2001,0.391,4.072,44.408,70.046,-6.503,37.905,False,False
MLT,2002,0.395,4.462,43.607,65.051,-5.618,37.989,False,False
MLT,2003,0.397,5.425,45.568,68.626,-9.042,36.527,False,False
MLT,2004,0.4,6.109,41.955,70.39,-4.279,37.676,False,False
MLT,2005,0.403,6.392,42.543,70.151,-2.828,39.715,False,False
MLT,2006,0.405,6.783,42.484,64.545,-2.461,40.023,False,False
MLT,2007,0.406,7.972,41.163,62.037,-2.053,39.111,False,False
MLT,2008,0.408,9.171,42.125,61.526,-4.055,38.07,False,False
MLT,2009,0.411,8.76,41.149,66.045,-3.114,38.035,False,False
MLT,2010,0.414,9.104,40.065,65.033,-2.221,37.844,False,False
MLT,2011,0.415,9.788,41.494,68.938,-2.986,38.508,False,False
MLT,2012,0.418,9.616,41.687,65.611,-3.305,38.382,False,False
MLT,2013,0.421,10.797,40.079,64.945,-2.186,37.893,False,False
MLT,2014,0.428,11.891,39.572,60.745,-1.485,38.087,False,False
MLT,2015,0.439,11.342,37.846,55.048,-0.838,37.008,False,False
MLT,2016,0.45,12.022,35.456,53.149,1.095,36.552,False,False
MLT,2017,0.459,14.156,32.707,45.558,3.404,36.11,False,False
MLT,2018,0.475,16.161,34.478,41.443,1.858,36.336,False,False
MLT,2019,0.493,16.34,34.883,39.249,0.715,35.598,False,False
MLT,2020,0.515,16.392,42.081,48.611,-8.714,33.367,False,False
MLT,2021,0.516,19.743,39.456,49.586,-6.957,32.499,False,False
MLT,2022,0.52,18.954,38.383,50.096,-5.334,33.049,False,False
MLT,2023,0.542,22.632,35.804,46.788,-4.43,31.374,False,False
MLT,2024,0.553,25.035,37.367,46.042,-3.509,33.858,False,False
MLT,2025,0.563,27.756,36.957,46.772,-3.102,33.855,False,False
MLT,2026,0.573,30.712,35.947,47.325,-2.88,33.067,True,True
MLT,2027,0.584,32.449,35.768,47.493,-2.695,33.073,True,True
MLT,2028,0.594,34.333,35.816,47.45,-2.583,33.233,True,True
MLT,2029,0.604,36.407,35.853,47.375,-2.555,33.298,True,True
MLT,2030,0.614,38.63,35.898,47.313,-2.581,33.317,True,True
MLT,2031,0.624,41.0,35.895,47.288,-2.624,33.271,True,True
