iso3,year,gdp_usd_bn,gov_expenditure_pct_gdp,gov_gross_debt_pct_gdp,population_m,gov_net_lending_pct_gdp,gov_revenue_pct_gdp,gdp_is_estimate,pop_is_estimate
MYS,1980,26.757,,,13.885,,,False,False
MYS,1981,27.321,,,14.229,,,False,False
MYS,1982,29.278,,,14.592,,,False,False
MYS,1983,32.745,,,14.955,,,False,False
MYS,1984,37.087,,,15.328,,,False,False
MYS,1985,34.09,,,15.823,,,False,False
MYS,1986,30.303,,,16.257,,,False,False
MYS,1987,34.529,,,16.681,,,False,False
MYS,1988,37.845,,,17.094,,,False,False
MYS,1989,41.678,,,17.508,,,False,False
MYS,1990,47.245,30.525,74.129,18.267,0.149,30.674,False,False
MYS,1991,53.519,27.393,67.319,18.547,1.602,28.995,False,False
MYS,1992,64.427,28.209,59.109,19.068,1.805,30.015,False,False
MYS,1993,72.857,24.614,51.134,19.602,3.44,28.053,False,False
MYS,1994,81.156,23.27,43.723,20.142,5.449,28.718,False,False
MYS,1995,96.606,22.598,38.166,20.682,3.103,25.7,False,False
MYS,1996,109.846,22.391,32.769,21.223,3.27,25.66,False,False
MYS,1997,109.116,21.155,29.62,21.769,4.84,25.995,False,False
MYS,1998,78.639,23.114,33.636,22.334,-0.627,22.486,False,False
MYS,1999,86.203,24.643,34.363,22.91,-3.003,21.64,False,False
MYS,2000,102.149,25.632,32.518,23.495,-6.053,19.58,False,False
MYS,2001,101.054,28.223,38.065,24.123,-4.361,23.863,False,False
MYS,2002,109.833,27.144,39.532,24.727,-3.96,23.184,False,False
MYS,2003,120.025,28.069,41.393,25.32,-4.597,23.472,False,False
MYS,2004,135.869,25.884,41.96,25.905,-3.353,22.531,False,False
MYS,2005,150.345,24.538,40.778,26.477,-2.833,21.705,False,False
MYS,2006,170.41,25.574,39.662,26.832,-2.602,22.972,False,False
MYS,2007,202.733,25.889,39.348,27.1,-2.571,23.318,False,False
MYS,2008,241.947,26.92,39.361,27.6,-3.405,23.515,False,False
MYS,2009,211.847,30.889,50.408,28.082,-5.88,25.009,False,False
MYS,2010,258.641,26.604,51.212,28.589,-4.319,22.285,False,False
MYS,2011,302.184,27.088,51.898,29.062,-3.568,23.52,False,False
MYS,2012,318.91,28.505,53.788,29.51,-3.103,25.403,False,False
MYS,2013,327.869,27.78,55.656,30.214,-3.478,24.302,False,False
MYS,2014,342.868,25.957,55.373,30.709,-2.628,23.329,False,False
MYS,2015,301.355,24.708,56.971,31.186,-2.546,22.162,False,False
MYS,2016,301.256,22.858,55.787,31.634,-2.603,20.255,False,False
MYS,2017,319.109,22.043,54.395,32.023,-2.412,19.631,False,False
MYS,2018,358.783,22.8,55.646,32.382,-2.645,20.155,False,False
MYS,2019,365.178,23.575,57.083,32.523,-2.008,21.567,False,False
MYS,2020,337.456,25.04,67.693,32.447,-4.902,20.139,False,False
MYS,2021,373.785,24.451,69.162,32.576,-6.032,18.418,False,False
MYS,2022,407.83,24.642,65.464,32.652,-4.559,20.083,False,False
MYS,2023,399.949,25.001,69.712,33.059,-4.113,20.887,False,False
MYS,2024,422.227,24.024,69.839,33.46,-3.447,20.577,False,False
MYS,2025,472.193,23.432,70.652,33.852,-3.537,19.895,False,False
MYS,2026,516.428,22.528,69.472,34.234,-3.306,19.223,True,True
MYS,2027,552.855,22.067,68.701,34.606,-3.019,19.048,True,True
MYS,2028,591.087,21.792,67.75,34.968,-2.745,19.047,True,True
MYS,2029,630.528,21.696,66.866,35.319,-2.74,18.956,True,True
MYS,2030,672.494,21.632,66.106,35.659,-2.734,18.899,True,True
MYS,2031,716.446,21.571,65.448,35.986,-2.722,18.849,True,True
