iso3,year,gov_gross_debt_pct_gdp,gov_expenditure_pct_gdp,population_m,gdp_usd_bn,gov_revenue_pct_gdp,gov_net_lending_pct_gdp,gdp_is_estimate,pop_is_estimate
PSE,1993,,,2.184,,,,False,False
PSE,1994,,,2.317,2.843,,,False,False
PSE,1995,,,2.483,3.283,,,False,False
PSE,1996,,,2.631,3.41,,,False,False
PSE,1997,,,2.783,3.76,,,False,False
PSE,1998,,,2.872,4.068,,,False,False
PSE,1999,,,2.962,4.271,,,False,False
PSE,2000,20.024,,3.053,4.314,,,False,False
PSE,2001,22.159,,3.138,4.004,,,False,False
PSE,2002,20.87,,3.225,3.556,,,False,False
PSE,2003,20.655,,3.315,3.968,,,False,False
PSE,2004,21.091,,3.407,4.603,,,False,False
PSE,2005,23.995,,3.508,5.126,,,False,False
PSE,2006,19.253,,3.612,5.348,,,False,False
PSE,2007,23.718,,3.719,5.816,,,False,False
PSE,2008,22.978,,3.821,7.31,,,False,False
PSE,2009,23.964,44.767,3.922,8.086,37.093,-7.675,False,False
PSE,2010,22.718,34.774,4.023,9.682,32.582,-2.192,False,False
PSE,2011,26.285,33.343,4.125,11.186,27.085,-6.258,False,False
PSE,2012,29.801,30.857,4.226,12.208,24.591,-6.266,False,False
PSE,2013,30.231,30.182,4.328,13.516,28.652,-1.529,False,False
PSE,2014,33.952,32.43,4.429,13.99,29.885,-2.545,False,False
PSE,2015,37.071,31.413,4.53,13.972,26.755,-4.658,False,False
PSE,2016,31.027,30.395,4.632,15.405,28.318,-2.077,False,False
PSE,2017,31.785,30.07,4.733,16.128,27.29,-2.78,False,False
PSE,2018,33.145,28.178,4.854,16.277,25.72,-2.458,False,False
PSE,2019,34.469,28.334,4.977,17.134,23.855,-4.479,False,False
PSE,2020,47.08,33.034,5.101,15.532,25.661,-7.373,False,False
PSE,2021,50.176,30.83,5.227,18.109,25.623,-5.207,False,False
PSE,2022,47.121,29.055,5.355,19.166,28.133,-0.922,False,False
PSE,2023,46.455,28.81,5.483,18.635,27.897,-0.913,False,False
PSE,2024,56.133,32.686,5.613,16.017,29.656,-3.03,False,False
PSE,2025,,,5.737,,,,True,False
