iso3,year,gdp_usd_bn,gov_net_lending_pct_gdp,gov_gross_debt_pct_gdp,gov_expenditure_pct_gdp,population_m,gov_revenue_pct_gdp,gdp_is_estimate,pop_is_estimate
RUS,1989,,,,,148.406,,False,False
RUS,1990,,,,,148.98,,False,False
RUS,1991,,,,,149.448,,False,False
RUS,1992,71.603,,,,148.916,,False,False
RUS,1993,196.227,,,,148.135,,False,False
RUS,1994,293.768,,,,148.201,,False,False
RUS,1995,335.777,,,,148.291,,False,False
RUS,1996,412.685,,,,148.085,,False,False
RUS,1997,433.704,,51.519,,147.854,,False,False
RUS,1998,287.672,-7.424,135.193,39.683,147.636,32.259,False,False
RUS,1999,209.657,-3.587,92.379,34.287,147.242,30.7,False,False
RUS,2000,278.264,3.107,55.868,30.651,146.718,33.758,False,False
RUS,2001,328.475,2.991,44.438,31.464,146.117,34.456,False,False
RUS,2002,370.062,0.673,37.577,33.818,145.94,34.491,False,False
RUS,2003,461.518,1.35,28.334,32.599,145.794,33.949,False,False
RUS,2004,633.294,4.575,20.828,29.628,145.18,34.203,False,False
RUS,2005,817.717,7.597,14.851,29.458,144.598,37.055,False,False
RUS,2006,1060.901,7.804,9.804,29.04,144.103,36.843,False,False
RUS,2007,1393.416,5.585,8.033,31.942,143.86,37.527,False,False
RUS,2008,1779.109,4.549,7.446,32.01,143.812,36.56,False,False
RUS,2009,1307.927,-5.889,9.918,38.596,143.869,32.707,False,False
RUS,2010,1633.111,-3.194,10.105,35.505,143.934,32.311,False,False
RUS,2011,2046.621,1.432,10.34,33.261,144.044,34.693,False,False
RUS,2012,2191.486,0.382,11.167,34.029,144.291,34.411,False,False
RUS,2013,2288.428,-1.162,12.348,34.652,144.604,33.49,False,False
RUS,2014,2048.837,-1.07,15.136,34.938,144.926,33.868,False,False
RUS,2015,1356.703,-3.386,15.286,35.273,145.308,31.887,False,False
RUS,2016,1280.648,-3.67,14.849,36.586,145.779,32.916,False,False
RUS,2017,1575.14,-1.469,14.311,34.83,146.187,33.361,False,False
RUS,2018,1653.005,2.923,13.62,32.621,146.43,35.544,False,False
RUS,2019,1695.724,1.93,13.748,33.752,146.533,35.682,False,False
RUS,2020,1488.118,-3.989,19.162,39.153,146.371,35.164,False,False
RUS,2021,1828.927,0.776,16.529,34.939,145.836,35.715,False,False
RUS,2022,2296.41,-1.342,15.134,35.147,145.58,33.805,False,False
RUS,2023,2034.681,-2.244,15.19,36.142,145.441,33.898,False,False
RUS,2024,2185.848,-1.594,14.758,36.658,144.82,35.064,False,False
RUS,2025,2587.938,-3.905,17.189,39.137,143.997,35.233,False,False
RUS,2026,2656.452,-2.049,19.095,37.491,143.394,35.442,True,True
RUS,2027,2533.434,-2.424,21.165,37.631,143.044,35.207,True,True
RUS,2028,2551.584,-3.133,23.623,37.809,142.67,34.676,True,True
RUS,2029,2568.741,-2.395,25.375,37.044,142.285,34.649,True,True
RUS,2030,2591.506,-2.5,27.2,37.161,141.889,34.661,True,True
RUS,2031,2615.027,-2.756,29.131,37.541,141.475,34.785,True,True
