iso3,year,gov_net_lending_pct_gdp,gdp_usd_bn,gov_expenditure_pct_gdp,gov_gross_debt_pct_gdp,gov_revenue_pct_gdp,population_m,gdp_is_estimate,pop_is_estimate
SLB,1980,2.888,0.217,17.638,,20.526,0.231,False,False
SLB,1981,-0.895,0.23,19.519,,18.624,0.238,False,False
SLB,1982,0.554,0.229,17.92,,18.473,0.246,False,False
SLB,1983,-0.706,0.215,17.049,,16.342,0.255,False,False
SLB,1984,-5.797,0.215,23.316,,17.518,0.263,False,False
SLB,1985,-7.491,0.196,25.639,,18.148,0.271,False,False
SLB,1986,-9.21,0.175,27.957,,18.747,0.279,False,False
SLB,1987,-21.785,0.184,41.965,,20.18,0.287,False,False
SLB,1988,-14.143,0.209,35.722,,21.579,0.295,False,False
SLB,1989,-12.935,0.205,37.245,,24.31,0.303,False,False
SLB,1990,0.49,0.255,25.352,,25.843,0.314,False,False
SLB,1991,0.116,0.27,33.243,,33.359,0.324,False,False
SLB,1992,3.485,0.319,29.645,,33.129,0.335,False,False
SLB,1993,2.07,0.356,28.053,,30.123,0.346,False,False
SLB,1994,3.654,0.477,25.483,,29.137,0.356,False,False
SLB,1995,2.694,0.556,20.833,,23.527,0.367,False,False
SLB,1996,3.15,0.605,20.399,,23.549,0.377,False,False
SLB,1997,1.803,0.624,16.293,21.886,18.096,0.388,False,False
SLB,1998,4.254,0.542,13.093,33.328,17.347,0.398,False,False
SLB,1999,-0.272,0.578,15.768,35.415,15.496,0.409,False,False
SLB,2000,-2.472,0.497,15.759,37.394,13.286,0.423,False,False
SLB,2001,-2.022,0.485,15.31,44.571,13.287,0.438,False,False
SLB,2002,-3.671,0.41,14.054,55.474,10.383,0.452,False,False
SLB,2003,8.914,0.418,12.569,51.763,21.483,0.466,False,False
SLB,2004,14.468,0.468,12.453,49.449,26.921,0.48,False,False
SLB,2005,11.548,0.553,14.67,38.53,26.218,0.495,False,False
SLB,2006,11.309,0.617,17.382,36.915,28.69,0.509,False,False
SLB,2007,13.658,0.695,21.144,29.454,34.802,0.523,False,False
SLB,2008,1.745,0.776,24.275,26.052,26.02,0.537,False,False
SLB,2009,2.148,0.806,22.683,17.236,24.83,0.552,False,False
SLB,2010,5.672,0.898,22.574,21.635,28.247,0.567,False,False
SLB,2011,6.143,1.064,26.682,18.103,32.825,0.583,False,False
SLB,2012,4.633,1.185,29.363,13.266,33.997,0.599,False,False
SLB,2013,3.571,1.286,41.784,11.569,45.355,0.615,False,False
SLB,2014,2.127,1.336,39.841,10.143,41.968,0.631,False,False
SLB,2015,0.808,1.308,41.459,7.876,42.267,0.647,False,False
SLB,2016,-3.558,1.379,39.609,7.535,36.05,0.663,False,False
SLB,2017,-2.271,1.47,40.382,8.77,38.111,0.679,False,False
SLB,2018,1.487,1.615,34.816,7.948,36.303,0.695,False,False
SLB,2019,-1.524,1.619,35.607,7.82,34.082,0.711,False,False
SLB,2020,-2.438,1.536,40.384,9.146,37.946,0.725,False,True
SLB,2021,-1.816,1.558,36.904,16.129,35.087,0.74,False,True
SLB,2022,-2.702,1.467,43.535,16.544,40.834,0.754,False,True
SLB,2023,-4.127,1.506,44.189,22.342,40.062,0.769,False,True
SLB,2024,-2.092,1.584,39.592,26.095,37.499,0.783,False,True
SLB,2025,-3.236,1.704,40.61,28.663,37.374,0.798,True,True
SLB,2026,-3.389,1.836,40.768,29.888,37.379,0.813,True,True
SLB,2027,-3.201,1.949,39.701,31.254,36.5,0.828,True,True
SLB,2028,-3.211,2.076,39.506,32.455,36.295,0.843,True,True
SLB,2029,-3.011,2.212,39.471,33.373,36.459,0.858,True,True
SLB,2030,-2.875,2.36,39.466,34.087,36.591,0.874,True,True
SLB,2031,-2.948,2.509,39.636,34.94,36.687,0.889,True,True
