iso3,year,gdp_usd_bn,gov_net_lending_pct_gdp,gov_expenditure_pct_gdp,population_m,gov_gross_debt_pct_gdp,gov_revenue_pct_gdp,gdp_is_estimate,pop_is_estimate
SSD,2011,17.34,4.57,20.847,10.288,,25.417,False,True
SSD,2012,11.267,-14.81,31.618,10.756,8.906,16.808,False,True
SSD,2013,14.947,-3.45,25.336,11.166,17.587,21.886,False,True
SSD,2014,14.608,-9.534,37.63,11.235,39.63,28.096,False,True
SSD,2015,15.082,-16.282,33.695,11.108,58.168,17.412,False,True
SSD,2016,2.825,-15.517,52.039,10.83,128.87,36.522,False,True
SSD,2017,2.736,4.16,42.171,10.259,77.533,46.331,False,True
SSD,2018,2.559,-1.152,59.207,10.123,84.287,58.055,False,True
SSD,2019,4.044,0.042,47.926,10.423,43.368,47.968,False,True
SSD,2020,5.423,-5.499,34.1,10.698,48.343,28.601,False,True
SSD,2021,5.94,-9.298,44.114,10.866,56.387,34.816,False,True
SSD,2022,7.533,4.426,29.451,11.021,42.147,33.877,False,True
SSD,2023,7.401,9.119,21.287,11.483,62.005,30.406,False,True
SSD,2024,4.637,11.524,18.947,11.943,53.415,30.472,False,True
SSD,2025,5.733,3.452,18.425,12.189,62.054,21.877,True,True
SSD,2026,6.069,1.368,26.764,12.436,57.304,28.132,True,True
SSD,2027,6.826,-0.223,26.789,12.687,49.939,26.566,True,True
SSD,2028,7.161,-1.027,26.913,12.942,47.614,25.886,True,True
SSD,2029,7.488,-1.104,26.637,13.198,45.843,25.533,True,True
SSD,2030,7.841,-1.055,26.554,13.457,43.992,25.499,True,True
SSD,2031,8.144,-0.935,26.556,13.725,42.752,25.622,True,True
