iso3,year,gov_gross_debt_pct_gdp,gov_expenditure_pct_gdp,gdp_usd_bn,gov_revenue_pct_gdp,gov_net_lending_pct_gdp,population_m,gdp_is_estimate,pop_is_estimate
TKM,1992,,,0.886,,,4.112,False,False
TKM,1993,,,4.997,,,4.154,False,False
TKM,1994,,,4.232,,,4.262,False,False
TKM,1995,,,5.473,,,4.358,False,False
TKM,1996,,,2.217,,,4.441,False,False
TKM,1997,64.182,26.877,2.498,26.673,-0.204,4.512,False,False
TKM,1998,81.614,26.086,2.667,27.236,1.15,4.574,False,False
TKM,1999,66.667,20.815,3.594,23.298,2.482,4.63,False,False
TKM,2000,55.129,25.863,4.68,25.309,-0.554,4.684,False,False
TKM,2001,34.084,22.636,6.461,23.41,0.774,4.736,False,False
TKM,2002,24.173,19.369,8.107,19.554,0.185,4.787,False,False
TKM,2003,16.915,20.769,10.645,24.756,3.987,4.837,False,False
TKM,2004,11.413,20.267,13.228,21.742,1.475,4.887,False,False
TKM,2005,6.816,21.108,16.003,21.973,0.865,4.94,False,False
TKM,2006,4.225,16.043,19.935,21.68,5.636,4.996,False,False
TKM,2007,3.061,14.426,24.192,18.618,4.193,5.055,False,False
TKM,2008,3.559,11.661,20.049,22.394,10.733,5.117,False,False
TKM,2009,3.087,14.387,18.836,21.921,7.535,5.181,False,False
TKM,2010,7.036,14.61,21.321,16.736,2.126,5.268,False,False
TKM,2011,14.758,15.386,27.776,19.223,3.837,5.361,False,False
TKM,2012,17.943,14.663,35.164,22.193,7.53,5.459,False,False
TKM,2013,20.351,16.876,39.198,18.406,1.53,5.56,False,False
TKM,2014,15.971,17.011,43.524,17.898,0.887,5.663,False,False
TKM,2015,18.951,17.313,35.8,16.616,-0.698,5.766,False,False
TKM,2016,21.083,14.118,36.18,11.737,-2.381,5.869,False,False
TKM,2017,24.695,17.768,37.926,14.929,-2.838,5.968,False,False
TKM,2018,22.515,13.735,40.762,13.52,-0.215,6.065,False,False
TKM,2019,17.721,13.64,44.974,13.238,-0.402,6.158,False,False
TKM,2020,15.357,13.546,45.455,13.388,-0.158,6.25,False,False
TKM,2021,12.286,13.376,49.477,13.942,0.566,6.342,False,False
TKM,2022,7.138,12.988,56.677,16.364,3.377,6.431,False,False
TKM,2023,5.459,13.707,62.814,13.817,0.11,6.516,False,False
TKM,2024,4.112,14.523,68.675,14.439,-0.083,6.598,False,False
TKM,2025,3.761,14.146,77.398,14.209,0.063,6.68,True,True
TKM,2026,3.688,13.483,83.065,13.823,0.34,6.753,True,True
TKM,2027,3.739,13.496,87.909,13.428,-0.068,6.826,True,True
TKM,2028,3.953,13.454,93.864,13.208,-0.246,6.897,True,True
TKM,2029,4.272,13.409,100.335,13.012,-0.397,6.967,True,True
TKM,2030,4.591,13.368,107.282,12.82,-0.548,7.035,True,True
TKM,2031,4.895,13.332,114.732,12.63,-0.702,7.101,True,True
