iso3,year,population_m,gdp_usd_bn,gov_expenditure_pct_gdp,gov_net_lending_pct_gdp,gov_gross_debt_pct_gdp,gov_revenue_pct_gdp,gdp_is_estimate,pop_is_estimate
TON,1980,0.092,0.071,,,,,False,False
TON,1981,0.093,0.079,,,,,False,False
TON,1982,0.093,0.079,,,,,False,False
TON,1983,0.094,0.077,,,,,False,False
TON,1984,0.095,0.081,,,,,False,False
TON,1985,0.095,0.076,,,,,False,False
TON,1986,0.094,0.09,,,,,False,False
TON,1987,0.094,0.098,,,,,False,False
TON,1988,0.095,0.115,,,,,False,False
TON,1989,0.095,0.139,,,,,False,False
TON,1990,0.096,0.144,,,,,False,False
TON,1991,0.096,0.169,,,,,False,False
TON,1992,0.097,0.178,,,,,False,False
TON,1993,0.097,0.183,,,,,False,False
TON,1994,0.097,0.189,,,,,False,False
TON,1995,0.097,0.207,,,,,False,False
TON,1996,0.098,0.218,,,,,False,False
TON,1997,0.098,0.222,,,,,False,False
TON,1998,0.098,0.212,,,,,False,False
TON,1999,0.099,0.197,18.774,1.548,38.402,20.323,False,False
TON,2000,0.099,0.203,20.042,1.349,43.562,21.391,False,False
TON,2001,0.1,0.181,19.079,2.233,53.397,21.312,False,False
TON,2002,0.1,0.183,21.317,2.589,60.662,23.906,False,False
TON,2003,0.1,0.202,19.986,2.37,56.221,22.356,False,False
TON,2004,0.101,0.231,19.3,4.233,52.248,23.533,False,False
TON,2005,0.101,0.262,19.822,4.23,43.349,24.053,False,False
TON,2006,0.102,0.292,25.585,1.342,39.55,26.926,False,False
TON,2007,0.102,0.299,23.204,5.391,37.816,28.595,False,False
TON,2008,0.102,0.344,23.993,2.139,34.005,26.132,False,False
TON,2009,0.103,0.312,23.899,6.85,39.727,30.749,False,False
TON,2010,0.103,0.367,28.368,-1.217,44.732,27.151,False,False
TON,2011,0.103,0.415,32.605,-6.023,51.853,26.582,False,False
TON,2012,0.103,0.427,32.043,-1.737,60.047,30.306,False,False
TON,2013,0.102,0.452,34.277,-1.301,48.915,32.976,False,False
TON,2014,0.102,0.441,31.456,6.38,47.356,37.836,False,False
TON,2015,0.101,0.438,37.382,-2.748,51.115,34.634,False,False
TON,2016,0.101,0.421,37.173,1.468,49.382,38.641,False,False
TON,2017,0.101,0.46,39.684,3.579,44.718,43.262,False,False
TON,2018,0.1,0.485,39.33,2.898,45.47,42.228,False,False
TON,2019,0.1,0.505,39.0,3.201,41.796,42.201,False,False
TON,2020,0.1,0.512,37.148,5.146,41.736,42.294,False,True
TON,2021,0.1,0.521,44.528,-0.867,42.955,43.661,False,True
TON,2022,0.1,0.553,41.322,-0.094,40.239,41.229,False,True
TON,2023,0.1,0.596,41.462,5.284,37.225,46.746,False,True
TON,2024,0.099,0.646,44.332,3.602,31.922,47.934,True,True
TON,2025,0.099,0.68,46.774,4.856,27.388,51.63,True,True
TON,2026,0.099,0.716,46.279,-8.357,34.417,37.922,True,True
TON,2027,0.099,0.753,45.007,-8.013,41.109,36.994,True,True
TON,2028,0.098,0.771,44.858,-9.269,48.947,35.589,True,True
TON,2029,0.098,0.797,44.582,-10.349,57.613,34.233,True,True
TON,2030,0.098,0.825,44.253,-11.71,67.342,32.543,True,True
TON,2031,0.098,0.854,43.833,-11.636,76.65,32.197,True,True
