iso3,year,gov_net_lending_pct_gdp,gdp_usd_bn,gov_revenue_pct_gdp,gov_expenditure_pct_gdp,population_m,gov_gross_debt_pct_gdp,gdp_is_estimate,pop_is_estimate
TUN,1980,,9.566,,,6.523,,False,False
TUN,1981,,9.223,,,6.707,,False,False
TUN,1982,,8.9,,,6.87,,False,False
TUN,1983,,9.202,,,7.034,,False,False
TUN,1984,,9.054,,,7.115,,False,False
TUN,1985,,9.245,,,7.35,,False,False
TUN,1986,,9.91,,,7.636,,False,False
TUN,1987,,10.663,,,7.799,,False,False
TUN,1988,,11.073,,,7.932,,False,False
TUN,1989,,11.069,,,8.075,,False,False
TUN,1990,,14.133,27.473,,8.325,,False,False
TUN,1991,-5.253,14.897,22.375,27.628,8.502,63.296,False,False
TUN,1992,-3.451,17.809,22.25,25.702,8.683,62.112,False,False
TUN,1993,-3.221,16.724,23.447,26.668,8.858,63.784,False,False
TUN,1994,-2.871,17.886,23.072,25.943,9.018,63.888,False,False
TUN,1995,-4.527,20.616,22.05,26.577,9.161,65.627,False,False
TUN,1996,-5.179,22.324,21.499,26.677,9.294,66.795,False,False
TUN,1997,-3.704,21.762,20.827,24.53,9.421,66.633,False,False
TUN,1998,-2.838,22.87,21.339,24.176,9.542,58.194,False,False
TUN,1999,-3.052,24.066,20.957,24.009,9.656,61.925,False,False
TUN,2000,-3.215,22.524,20.829,24.044,9.765,62.859,False,False
TUN,2001,-2.874,23.146,21.113,23.988,9.87,52.155,False,False
TUN,2002,-2.547,24.274,21.577,24.125,9.972,51.625,False,False
TUN,2003,-2.644,28.797,20.829,23.473,10.072,52.556,False,False
TUN,2004,-2.1,32.71,20.92,23.021,10.166,51.578,False,False
TUN,2005,-2.589,33.851,20.45,23.039,10.255,49.977,False,False
TUN,2006,-2.334,36.059,20.518,22.852,10.346,45.715,False,False
TUN,2007,-2.466,40.819,20.853,23.319,10.442,42.704,False,False
TUN,2008,-0.619,47.039,23.051,23.67,10.543,41.363,False,False
TUN,2009,-2.587,45.593,22.051,24.638,10.651,40.299,False,False
TUN,2010,-0.457,46.21,23.542,23.999,10.766,38.803,False,False
TUN,2011,-3.193,48.122,24.694,27.887,10.886,43.336,False,False
TUN,2012,-4.899,47.311,23.451,28.349,11.01,49.04,False,False
TUN,2013,-7.048,48.681,23.75,30.798,11.141,45.628,False,False
TUN,2014,-3.115,50.273,24.572,27.687,11.274,50.733,False,False
TUN,2015,-4.949,45.779,22.496,27.444,11.402,52.401,False,False
TUN,2016,-5.869,44.36,21.344,27.213,11.529,58.908,False,False
TUN,2017,-5.607,42.167,23.117,28.725,11.65,67.099,False,False
TUN,2018,-4.265,42.687,24.419,28.685,11.766,72.908,False,False
TUN,2019,-3.603,41.905,25.929,29.532,11.875,67.297,False,False
TUN,2020,-9.057,42.494,25.475,34.533,11.974,77.708,False,False
TUN,2021,-7.814,46.813,25.606,33.421,12.049,79.728,False,False
TUN,2022,-6.997,44.596,29.583,36.58,12.119,82.985,False,False
TUN,2023,-7.269,48.54,28.677,35.946,12.2,84.015,False,False
TUN,2024,-6.358,51.331,29.426,35.784,12.277,85.66,False,False
TUN,2025,-5.241,57.589,28.792,34.032,12.349,81.278,False,True
TUN,2026,-7.404,60.745,28.67,36.074,12.415,84.872,True,True
TUN,2027,-6.525,59.061,28.702,35.227,12.476,88.73,True,True
TUN,2028,-5.985,59.611,28.694,34.679,12.532,90.183,True,True
TUN,2029,-6.075,60.631,28.634,34.71,12.583,90.939,True,True
TUN,2030,-6.454,61.553,28.562,35.017,12.628,91.108,True,True
TUN,2031,-6.801,62.669,28.16,34.961,12.67,91.054,True,True
