iso3,year,gov_net_lending_pct_gdp,gov_gross_debt_pct_gdp,population_m,gdp_usd_bn,gov_revenue_pct_gdp,gov_expenditure_pct_gdp,gdp_is_estimate,pop_is_estimate
UKR,1991,,,51.708,515.517,,,False,False
UKR,1992,,,51.87,21.461,,,False,False
UKR,1993,,,51.715,32.713,,,False,False
UKR,1994,,,51.3,36.755,,,False,False
UKR,1995,-4.883,,50.874,37.009,37.82,42.703,False,False
UKR,1996,-3.199,,50.4,44.559,34.958,38.157,False,False
UKR,1997,-5.558,29.88,49.974,50.152,36.656,42.214,False,False
UKR,1998,-2.78,48.129,49.545,41.883,35.575,38.354,False,False
UKR,1999,5.124,60.976,49.115,31.581,31.857,26.733,False,False
UKR,2000,-3.182,43.73,48.664,32.375,32.234,35.416,False,False
UKR,2001,-2.92,35.34,48.241,39.309,32.407,35.327,False,False
UKR,2002,-1.773,32.344,47.823,43.956,34.715,36.488,False,False
UKR,2003,-0.86,28.299,47.442,52.01,36.59,37.451,False,False
UKR,2004,-4.253,23.885,47.101,67.221,35.834,40.087,False,False
UKR,2005,-2.193,17.088,46.749,89.282,40.374,42.568,False,False
UKR,2006,-1.314,14.256,46.466,111.885,41.631,42.946,False,False
UKR,2007,-1.895,11.815,46.192,148.734,40.157,42.052,False,False
UKR,2008,-3.023,19.662,45.963,188.24,42.356,45.379,False,False
UKR,2009,-6.041,34.121,45.783,121.552,40.793,46.834,False,False
UKR,2010,-5.56,39.131,45.598,141.208,41.782,47.341,False,False
UKR,2011,-2.661,35.531,45.453,169.229,41.373,44.034,False,False
UKR,2012,-4.146,36.141,45.373,182.592,42.999,47.146,False,False
UKR,2013,-4.604,38.99,45.246,190.499,41.69,46.294,False,False
UKR,2014,-4.46,70.317,42.76,133.434,40.314,44.774,False,False
UKR,2015,-1.16,79.331,42.591,90.981,41.884,43.043,False,False
UKR,2016,-2.459,79.513,42.415,93.355,38.326,40.785,False,False
UKR,2017,-2.356,71.62,42.217,112.091,39.314,41.67,False,False
UKR,2018,-2.124,60.353,41.984,130.891,39.798,41.921,False,False
UKR,2019,-2.082,50.452,41.733,153.883,39.421,41.503,False,False
UKR,2020,-5.918,60.505,41.419,156.618,39.682,45.6,False,False
UKR,2021,-3.972,48.917,40.998,199.766,36.516,40.488,False,False
UKR,2022,-15.602,77.717,34.511,161.99,49.792,65.394,False,True
UKR,2023,-19.341,81.209,34.026,181.222,54.063,73.404,False,True
UKR,2024,-17.202,89.677,33.343,190.834,54.034,71.236,False,True
UKR,2025,-23.317,108.747,32.762,212.927,51.229,74.546,True,True
UKR,2026,-18.441,122.563,32.283,225.337,43.809,62.25,True,True
UKR,2027,-17.676,137.104,32.706,238.712,41.675,59.351,True,True
UKR,2028,-7.425,135.472,33.331,251.095,44.935,52.36,True,True
UKR,2029,-2.871,131.888,33.557,260.888,43.847,46.718,True,True
UKR,2030,-1.996,125.703,33.486,274.476,42.833,44.828,True,True
UKR,2031,-1.299,119.609,33.217,290.868,42.72,44.019,True,True
