iso3,year,gov_net_lending_pct_gdp,gdp_usd_bn,population_m,gov_expenditure_pct_gdp,gov_gross_debt_pct_gdp,gov_revenue_pct_gdp,gdp_is_estimate,pop_is_estimate
UZB,1992,6.44,4.971,21.36,16.198,,22.639,False,False
UZB,1993,-10.762,7.659,21.853,35.623,,24.86,False,False
UZB,1994,-4.028,9.078,22.282,24.407,,20.38,False,False
UZB,1995,-1.594,14.155,22.69,26.459,,24.865,False,False
UZB,1996,-1.414,19.382,23.13,31.572,,30.157,False,False
UZB,1997,-1.845,20.471,23.867,28.666,13.807,26.821,False,False
UZB,1998,-2.737,20.81,24.231,31.633,16.209,28.897,False,False
UZB,1999,-2.617,23.724,24.583,30.293,16.553,27.676,False,False
UZB,2000,-3.293,19.096,24.488,29.582,26.544,26.289,False,False
UZB,2001,-2.952,16.193,24.813,27.569,40.375,24.617,False,False
UZB,2002,-5.686,13.444,25.116,31.18,37.489,25.494,False,False
UZB,2003,-4.387,14.1,25.428,28.399,28.286,24.012,False,False
UZB,2004,-3.369,16.708,25.707,26.479,24.202,23.11,False,False
UZB,2005,-3.171,19.922,26.021,25.275,18.92,22.105,False,False
UZB,2006,2.451,23.703,26.313,22.255,12.191,24.706,False,False
UZB,2007,3.2,31.054,26.664,22.362,8.604,25.562,False,False
UZB,2008,5.377,39.822,27.072,23.849,7.504,29.225,False,False
UZB,2009,1.638,46.582,27.533,24.741,6.574,26.379,False,False
UZB,2010,2.295,55.551,28.001,23.658,5.922,25.953,False,False
UZB,2011,4.562,67.443,29.123,21.116,5.652,25.678,False,False
UZB,2012,5.276,75.322,29.555,21.45,6.057,26.726,False,False
UZB,2013,1.904,82.688,29.994,22.33,5.513,24.234,False,False
UZB,2014,1.681,91.307,30.493,22.017,5.39,23.698,False,False
UZB,2015,-0.245,96.96,31.023,21.704,5.938,21.459,False,False
UZB,2016,0.62,97.325,31.575,20.51,7.208,21.13,False,False
UZB,2017,1.044,69.703,32.121,19.887,17.264,20.931,False,False
UZB,2018,1.569,61.318,32.657,21.249,16.709,22.817,False,False
UZB,2019,-0.29,70.171,33.905,23.355,24.335,23.065,False,False
UZB,2020,-2.795,70.127,34.559,24.66,31.904,21.865,False,False
UZB,2021,-3.904,81.17,35.271,26.14,30.228,22.236,False,False
UZB,2022,-3.49,94.317,36.025,29.954,29.172,26.464,False,False
UZB,2023,-3.848,107.518,36.8,28.585,30.719,24.736,False,False
UZB,2024,-2.245,121.352,37.543,26.14,30.936,23.895,False,False
UZB,2025,-1.655,147.069,38.237,27.372,28.585,25.717,True,False
UZB,2026,-0.821,181.502,38.943,29.071,27.48,28.251,True,True
UZB,2027,-2.063,203.085,39.662,30.401,26.982,28.339,True,True
UZB,2028,-2.076,224.851,40.395,30.433,26.977,28.357,True,True
UZB,2029,-2.077,248.258,41.141,30.379,26.78,28.302,True,True
UZB,2030,-2.075,273.441,41.901,30.339,26.801,28.264,True,True
UZB,2031,-2.071,301.174,42.675,30.347,26.768,28.276,True,True
