iso3,year,gov_expenditure_pct_gdp,gov_net_lending_pct_gdp,population_m,gdp_usd_bn,gov_revenue_pct_gdp,gov_gross_debt_pct_gdp,gdp_is_estimate,pop_is_estimate
ZAF,1980,,,29.08,89.412,,,False,False
ZAF,1981,,,29.83,93.15,,,False,False
ZAF,1982,,,30.61,85.897,,,False,False
ZAF,1983,,,31.41,96.205,,,False,False
ZAF,1984,,,32.21,84.838,,,False,False
ZAF,1985,,,32.98,64.481,,,False,False
ZAF,1986,,,33.73,73.399,,,False,False
ZAF,1987,,,34.46,96.533,,,False,False
ZAF,1988,,,35.2,104.01,,,False,False
ZAF,1989,,,35.97,108.07,,,False,False
ZAF,1990,,,36.79,126.027,,,False,False
ZAF,1991,,,37.69,135.227,,,False,False
ZAF,1992,,,38.65,146.97,,,False,False
ZAF,1993,,,39.62,147.236,,,False,False
ZAF,1994,,,40.56,153.569,,,False,False
ZAF,1995,,,41.43,171.736,,,False,False
ZAF,1996,,,42.21,163.34,,,False,False
ZAF,1997,,,42.92,169.004,,,False,False
ZAF,1998,,,43.58,152.885,,,False,False
ZAF,1999,,,44.23,151.426,,,False,False
ZAF,2000,22.646,-1.383,44.9,151.855,21.264,37.929,False,False
ZAF,2001,22.62,-1.015,45.724,135.527,21.605,38.045,False,False
ZAF,2002,22.213,-0.958,46.573,129.385,21.255,31.801,False,False
ZAF,2003,22.619,-1.588,47.005,197.017,21.031,31.514,False,False
ZAF,2004,22.708,-1.044,47.505,256.188,21.664,30.733,False,False
ZAF,2005,25.14,-0.102,48.061,288.749,25.039,29.637,False,False
ZAF,2006,24.667,0.813,48.642,304.055,25.48,28.03,False,False
ZAF,2007,24.429,1.215,49.373,332.65,25.644,24.326,False,False
ZAF,2008,26.009,-0.488,50.068,316.491,25.521,24.045,False,False
ZAF,2009,28.457,-4.667,50.783,331.184,23.79,26.995,False,False
ZAF,2010,28.34,-4.514,51.508,417.315,23.826,31.185,False,False
ZAF,2011,28.08,-3.704,52.285,458.708,24.375,34.742,False,False
ZAF,2012,28.619,-4.039,53.126,434.4,24.579,37.408,False,False
ZAF,2013,28.91,-3.904,53.961,400.877,25.006,40.356,False,False
ZAF,2014,29.321,-3.926,54.837,381.195,25.395,43.253,False,False
ZAF,2015,30.164,-4.374,55.669,346.663,25.79,45.195,False,False
ZAF,2016,29.909,-3.725,56.436,323.493,26.184,47.134,False,False
ZAF,2017,29.86,-4.016,57.211,381.317,25.844,48.588,False,False
ZAF,2018,30.152,-3.732,58.039,405.093,26.42,51.536,False,False
ZAF,2019,31.394,-5.072,58.89,389.245,26.322,56.101,False,False
ZAF,2020,34.616,-9.621,59.694,337.876,24.994,68.927,False,False
ZAF,2021,32.654,-5.54,60.235,419.878,27.114,68.819,False,False
ZAF,2022,31.889,-4.25,60.867,407.43,27.639,70.715,False,False
ZAF,2023,32.511,-5.6,61.578,381.334,26.911,73.22,False,False
ZAF,2024,32.972,-5.671,62.329,401.076,27.301,75.963,False,False
ZAF,2025,34.159,-5.782,63.101,427.141,28.377,78.642,False,True
ZAF,2026,33.333,-4.868,63.97,479.964,28.465,78.919,True,True
ZAF,2027,32.869,-4.338,64.851,494.409,28.531,79.707,True,True
ZAF,2028,33.028,-4.362,65.744,513.063,28.666,80.867,True,True
ZAF,2029,32.778,-4.089,66.649,533.314,28.689,81.674,True,True
ZAF,2030,32.615,-3.932,67.567,555.264,28.682,82.172,True,True
ZAF,2031,32.592,-3.915,68.497,577.966,28.677,82.615,True,True
