iso3,year,health_pct_gdp,health_pct_outlays,share_medical_products,gdp_medical_products,share_outpatient,gdp_outpatient,share_hospital,gdp_hospital,share_public_health,gdp_public_health,share_research,gdp_research,share_other,gdp_other
ESP,2005,5.589566888835735,14.75357620225806,22.017039978410885,1.230657176534981,35.423493581094114,1.980019868077688,38.3303134276572,2.142498507739284,1.5806314815528735,0.0883504539273931,1.6731562512047493,0.0935221878158259,0.9753652800801879,0.0545186947405621
ESP,2006,5.572670392128767,14.74068770925017,21.010999214341826,1.170873732308035,34.99035783158346,1.949897310980561,39.277551603456885,2.18880848895894,1.7052353403328329,0.095027144926844,1.8641525605313904,0.1038830778048431,1.1517034497535878,0.0641806371495438
ESP,2007,5.609252919378474,14.54226114573058,20.09364349293537,1.12710328423698,36.19337546739024,2.030177970026199,38.668475563349986,2.169012594416361,1.8281989345157348,0.10254830210637,2.05155355547467,0.1150768277030758,1.1647529863340063,0.0653339408894882
ESP,2008,5.967106304025774,14.6806115520799,19.54052425429347,1.166003854617631,36.628502561012354,2.18566168538841,38.856583308225375,2.318613632114143,1.6059053931907195,0.0958260819537733,2.1843928894245255,0.1303450458095416,1.1840915938535694,0.0706560041422756
ESP,2009,6.69223385120085,14.77963408534715,19.05106744467809,1.274941984547852,36.25551826423608,2.426304066207514,39.33739050510395,2.632550163561636,2.0541172866155106,0.1374663323982516,2.2685810575570624,0.151818749475764,1.0333254418092936,0.0691525550098323
ESP,2010,6.484549433920224,14.38702514763344,19.396403619287604,1.257769381095396,36.43769327682969,2.362820233116247,39.245218188065515,2.544875573854959,1.5490779979383806,0.100450728546296,2.4839651815370525,0.1610739501181364,0.88764173634177,0.0575595671891899
ESP,2011,6.366205354218716,14.08875074290282,18.490482839714854,1.17714210856282,36.57970162416403,2.328738923354761,39.83096935400897,2.535721303652135,1.7211729257000072,0.1095734029512768,2.4590284412434773,0.1565468002882033,0.9186448151686623,0.05848281540952
ESP,2012,6.122799633964115,12.62806244948178,18.186977770770923,1.113552208377897,37.3403752167744,2.28627635709349,39.81081507173261,2.437536439490175,1.4236165852120448,0.0871651910684155,2.5382311209207007,0.1554108057808959,0.6999842345893104,0.0428586321532408
ESP,2013,6.048055285808442,13.30924601250424,17.61832602527728,1.065566098442747,37.293654887799846,2.255540865712737,40.19538302811452,2.43103898788283,1.5072865617745663,0.091161524571687,2.574477688934744,0.1557058339475768,0.8108718080990454,0.0490419752508648
ESP,2014,5.987781883422574,13.50538717541807,16.9699405240315,1.016123024325544,37.17569522584793,2.225999543769713,41.08664201896802,2.460178507318454,1.4209934094197074,0.085085985933862,2.56711139688153,0.1537130311497484,0.7796174248513094,0.0466817909252523
ESP,2015,6.004901058952527,13.96698246424812,16.416973039215684,0.9858229878798136,37.2702205882353,2.238039870776884,41.723345588235304,2.505445621058364,1.5318627450980389,0.0919868422020914,2.3299632352941173,0.139911986989381,0.7276348039215683,0.0436937500459934
ESP,2016,5.915846146859169,14.25778315756038,16.79888007466169,0.9937958996123663,77.41333373474026,4.579653720901861,1.2764740415155114,0.0755142404006529,1.5459184441467326,0.0914541567116397,2.3677991359715795,0.1400753539507394,0.5975945689642188,0.0353527752819094
ESP,2017,5.813299556248419,14.39613771967143,16.701706926209624,0.9709202546272556,37.28773688930709,2.167647843121167,41.43669964861725,2.408839476797057,1.5540232588911593,0.090340027213117,2.436155666965611,0.1416210265772326,0.5836776100092619,0.0339309279125898
ESP,2018,5.843883736046907,14.29978604012757,16.46293264073175,0.9620746430680802,37.38354694822427,2.184651020064738,41.63514200214557,2.433109291943419,1.5258878662977813,0.0891711128488892,2.4264581333634467,0.1417993922176138,0.5660324092371967,0.033078275904167
ESP,2019,5.943719041883689,14.37009696156249,16.04466094985037,0.9536495680819328,37.673282606653515,2.239194071994321,41.80925158017634,2.485024447439998,1.5070386623186647,0.0895741439407837,2.4920487942348726,0.148120378715971,0.47371740676623963,0.0281564317106826
ESP,2020,7.449163754611615,14.71245671109245,15.445153773910153,1.150534796770143,36.89028377141363,2.748017647673514,43.332501159099834,3.227908970310322,1.5846975046661202,0.1180467121378233,2.2480592508054262,0.1674616148931912,0.49930454010485276,0.0371940128266209
ESP,2021,7.047092856668777,14.45909387574795,15.217366335496472,1.072381936001891,36.90805719864469,2.600945062380916,42.02492390742548,2.96153541070067,3.0080973984953774,0.211983416891007,2.3442255785907085,0.1651997532930681,0.4973295813472686,0.0350472774012241
ESP,2022,6.666288722060263,14.62349510445581,15.171338544903458,1.011365230404481,36.628179548403274,2.441740202331191,42.15811336800446,2.810381556884661,3.1781855449797756,0.2118670245511363,2.42043633271187,0.1613532742722204,0.4437466609971755,0.0295814336165737
ESP,2023,6.467520518961303,14.48582268221304,14.894495602262872,0.9633045592721402,36.31849527191641,2.348906133889185,43.618119502828584,2.821010828830501,1.9469793946401286,0.1259212918482989,2.7563281991989097,0.1782660918531061,0.46558202915307306,0.0301116132680714
ESP,2024,6.3364548117391,14.18020016001572,14.930115616091225,0.9460400293540232,36.84075071270194,2.334397521215809,43.207554640481476,2.737827175051589,1.7589879632562557,0.1114574774356626,2.801314539119417,0.1775040299059793,0.46127652834969785,0.0292285787760375
