iso3,year,code,label,group,pct_outlays,pct_gdp,coverage,total_pct_gdp
IRN,2005,GF01,General public services,Government spending,8.010056832954088,2.404954112625627,General government,30.0241828838396
IRN,2005,GF02,Defence,Government spending,12.6669288043488,3.80314186998343,General government,30.0241828838396
IRN,2005,GF03,Public order and safety,Government spending,3.79385733485416,1.13907466456857,General government,30.0241828838396
IRN,2005,GF04,Economic affairs,Government spending,28.6222093831175,8.59358449058268,General government,30.0241828838396
IRN,2005,GF05,Environmental protection,Government spending,1.33271197771773,0.400135881504805,General government,30.0241828838396
IRN,2005,GF06,Housing and community amenities,Government spending,6.08792576192158,1.82784996459172,General government,30.0241828838396
IRN,2005,GF08,"Recreation, culture and religion",Government spending,2.87121464024982,0.862058734576181,General government,30.0241828838396
IRN,2005,GF09,Education,Government spending,5.0279729880579,1.50960780528456,General government,30.0241828838396
IRN,2005,GF10,Social protection,Government spending,26.5073546180446,7.95861662818959,General government,30.0241828838396
IRN,2005,GF0170,Interest on public debt,Government spending,0.775247443605022,0.232761710270263,General government,30.0241828838396
IRN,2005,GF0712,Medical products,Health,0.0,0.0,General government,30.0241828838396
IRN,2005,GF072,Outpatient services,Health,2.26567069805713,0.680249113930237,General government,30.0241828838396
IRN,2005,GF073,Hospital services,Health,0.120268353692446,0.036109590464003,General government,30.0241828838396
IRN,2005,GF0740,Public health services,Health,1.77334174338417,0.532431368189133,General government,30.0241828838396
IRN,2005,GF075,Health R&D,Health,0.0,0.0,General government,30.0241828838396
IRN,2005,GF0760,Other health,Health,0.0,0.0,General government,30.0241828838396
IRN,2005,GF07_rest,Health (not broken down),Health,0.1452394199951037,0.04360694907875717,General government,30.0241828838396
IRN,2006,GF01,General public services,Government spending,8.60858205379312,2.708045725860746,General government,31.4575119216936
IRN,2006,GF02,Defence,Government spending,11.6177965059024,3.65466972088237,General government,31.4575119216936
IRN,2006,GF03,Public order and safety,Government spending,5.60183954533652,1.76219934280839,General government,31.4575119216936
IRN,2006,GF04,Economic affairs,Government spending,26.2610452806334,8.26107144991661,General government,31.4575119216936
IRN,2006,GF05,Environmental protection,Government spending,1.36261151037678,0.428643678323145,General government,31.4575119216936
IRN,2006,GF06,Housing and community amenities,Government spending,5.23899294603513,1.64805683057569,General government,31.4575119216936
IRN,2006,GF08,"Recreation, culture and religion",Government spending,3.54176259569184,1.11415039077785,General government,31.4575119216936
IRN,2006,GF09,Education,Government spending,3.94215029477373,1.24010239894953,General government,31.4575119216936
IRN,2006,GF10,Social protection,Government spending,27.8481313391438,8.76032923598006,General government,31.4575119216936
IRN,2006,GF0170,Interest on public debt,Government spending,0.77931042693689,0.245151670460674,General government,31.4575119216936
IRN,2006,GF072,Outpatient services,Health,2.10027865361505,0.660695407849742,General government,31.4575119216936
IRN,2006,GF073,Hospital services,Health,0.231550290182457,0.0728399601388627,General government,31.4575119216936
IRN,2006,GF0740,Public health services,Health,1.48438385917646,0.466950229464132,General government,31.4575119216936
IRN,2006,GF07_rest,Health (not broken down),Health,1.3815646984023329,0.43460587970582343,General government,31.4575119216936
IRN,2007,GF01,General public services,Government spending,6.5477595905858,1.7583134412006483,General government,26.8536652403778
IRN,2007,GF02,Defence,Government spending,9.76804326359524,2.62307763854115,General government,26.8536652403778
IRN,2007,GF03,Public order and safety,Government spending,5.03828378963673,1.35296386272927,General government,26.8536652403778
IRN,2007,GF04,Economic affairs,Government spending,24.5522072113898,6.59316753367052,General government,26.8536652403778
IRN,2007,GF05,Environmental protection,Government spending,1.67520559693611,0.449854103089297,General government,26.8536652403778
IRN,2007,GF06,Housing and community amenities,Government spending,4.81360000582831,1.29262803157594,General government,26.8536652403778
IRN,2007,GF08,"Recreation, culture and religion",Government spending,3.29040895958763,0.883595407047061,General government,26.8536652403778
IRN,2007,GF09,Education,Government spending,7.42720360398084,1.99447639253429,General government,26.8536652403778
IRN,2007,GF10,Social protection,Government spending,29.4202415416141,7.90041317649563,General government,26.8536652403778
IRN,2007,GF0170,Interest on public debt,Government spending,1.00949841815745,0.271087325818912,General government,26.8536652403778
IRN,2007,GF07,Health (no breakdown),Health,6.45754801868796,1.73408832767512,General government,26.8536652403778
IRN,2008,GF01,General public services,Government spending,9.13827901620725,2.723083537066282,General government,29.7986473408914
IRN,2008,GF02,Defence,Government spending,7.06679422492335,2.10580908939139,General government,29.7986473408914
IRN,2008,GF03,Public order and safety,Government spending,3.88458775031844,1.15755460436486,General government,29.7986473408914
IRN,2008,GF04,Economic affairs,Government spending,24.2297747258092,7.22014512203634,General government,29.7986473408914
IRN,2008,GF05,Environmental protection,Government spending,0.114321200781778,0.0340661714568346,General government,29.7986473408914
IRN,2008,GF06,Housing and community amenities,Government spending,1.79881739698611,0.536023252434494,General government,29.7986473408914
IRN,2008,GF08,"Recreation, culture and religion",Government spending,2.90216814047924,0.864806849421114,General government,29.7986473408914
IRN,2008,GF09,Education,Government spending,13.042943234646,3.88662065736483,General government,29.7986473408914
IRN,2008,GF10,Social protection,Government spending,30.7712774727774,9.16942445640012,General government,29.7986473408914
IRN,2008,GF0170,Interest on public debt,Government spending,0.79727084505226,0.237575927468868,General government,29.7986473408914
IRN,2008,GF0712,Medical products,Health,0.0,0.0,General government,29.7986473408914
IRN,2008,GF072,Outpatient services,Health,4.81580681295538,1.4350452888112,General government,29.7986473408914
IRN,2008,GF073,Hospital services,Health,0.227022065607879,0.067649504716499,General government,29.7986473408914
IRN,2008,GF0740,Public health services,Health,1.05615444494402,0.314719738424018,General government,29.7986473408914
IRN,2008,GF075,Health R&D,Health,0.0,0.0,General government,29.7986473408914
IRN,2008,GF0760,Other health,Health,0.0,0.0,General government,29.7986473408914
IRN,2008,GF07_rest,Health (not broken down),Health,0.15478266851150035,0.046123141534563095,General government,29.7986473408914
IRN,2009,GF01,General public services,Government spending,8.020240484618466,2.457414147772812,General government,30.6401553979052
IRN,2009,GF02,Defence,Government spending,7.38455643542678,2.26263956726078,General government,30.6401553979052
IRN,2009,GF03,Public order and safety,Government spending,3.91816589424516,1.20053211874444,General government,30.6401553979052
IRN,2009,GF04,Economic affairs,Government spending,18.3559281830457,5.62428492001307,General government,30.6401553979052
IRN,2009,GF05,Environmental protection,Government spending,0.0962622705543189,0.0294949092873953,General government,30.6401553979052
IRN,2009,GF06,Housing and community amenities,Government spending,1.9294967704266,0.591200808856272,General government,30.6401553979052
IRN,2009,GF08,"Recreation, culture and religion",Government spending,2.77468707805715,0.850168432522306,General government,30.6401553979052
IRN,2009,GF09,Education,Government spending,13.2301207896946,4.05372956929298,General government,30.6401553979052
IRN,2009,GF10,Social protection,Government spending,37.3285771630843,11.437534050596,General government,30.6401553979052
IRN,2009,GF0170,Interest on public debt,Government spending,0.537964821369923,0.164833257253808,General government,30.6401553979052
IRN,2009,GF0712,Medical products,Health,0.0,0.0,General government,30.6401553979052
IRN,2009,GF072,Outpatient services,Health,4.95307083166077,1.51762859978918,General government,30.6401553979052
IRN,2009,GF073,Hospital services,Health,0.22362241360435,0.0685182550329192,General government,30.6401553979052
IRN,2009,GF0740,Public health services,Health,1.18339232930701,0.362593248666558,General government,30.6401553979052
IRN,2009,GF075,Health R&D,Health,0.0,0.0,General government,30.6401553979052
IRN,2009,GF0760,Other health,Health,0.0,0.0,General government,30.6401553979052
IRN,2009,GF07_rest,Health (not broken down),Health,0.06423840455424035,0.019682746980552723,General government,30.6401553979052
