iso3,location_name,year,projected,the_total_mean,the_per_cap_mean,ghes_total_mean,ppp_total_mean,oop_total_mean,dah_total_mean,ghes_per_cap_mean,ppp_per_cap_mean,oop_per_cap_mean,dah_per_cap_mean
LKA,Sri Lanka,1995,0,1199461,67,661444,97342,419617,21059,37,5,23,1
LKA,Sri Lanka,1996,0,1247583,69,673630,100292,448361,25300,37,6,25,1
LKA,Sri Lanka,1997,0,1304386,71,687726,101981,475807,38872,38,6,26,2
LKA,Sri Lanka,1998,0,1397391,76,723743,101833,504269,67546,39,6,27,4
LKA,Sri Lanka,1999,0,1391407,75,734454,96887,533577,26490,40,5,29,1
LKA,Sri Lanka,2000,0,1484058,79,782050,92508,568000,41500,42,5,30,2
LKA,Sri Lanka,2001,0,1507562,80,811584,90474,581815,23689,43,5,31,1
LKA,Sri Lanka,2002,0,1522351,80,808070,89987,593658,30636,42,5,31,2
LKA,Sri Lanka,2003,0,1544280,80,804738,90758,608328,40456,42,5,32,2
LKA,Sri Lanka,2004,0,1626255,84,838853,94605,663122,29675,43,5,34,2
LKA,Sri Lanka,2005,0,1750687,89,885264,98922,718916,47586,45,5,37,2
LKA,Sri Lanka,2006,0,1880205,95,916994,102032,796573,64607,46,5,40,3
LKA,Sri Lanka,2007,0,1972367,99,911940,103932,900249,56245,46,5,45,3
LKA,Sri Lanka,2008,0,2162079,107,893905,105231,1016091,146851,44,5,50,7
LKA,Sri Lanka,2009,0,2286225,112,963801,111749,1118866,91809,47,5,55,5
LKA,Sri Lanka,2010,0,2334840,114,953119,114843,1171466,95411,46,6,57,5
LKA,Sri Lanka,2011,0,2420066,117,1017589,123887,1211662,66927,49,6,59,3
LKA,Sri Lanka,2012,0,2466705,118,1035456,127941,1249411,53897,50,6,60,3
LKA,Sri Lanka,2013,0,2622412,125,1111802,137330,1314059,59221,53,7,62,3
LKA,Sri Lanka,2014,0,2785831,131,1194491,150215,1369784,71341,56,7,65,3
LKA,Sri Lanka,2015,0,3069410,143,1333520,170436,1452466,112988,62,8,68,5
LKA,Sri Lanka,2016,0,3113786,144,1337912,182788,1509535,83551,62,8,70,4
LKA,Sri Lanka,2017,0,3232735,149,1376750,198117,1532342,125526,63,9,71,6
LKA,Sri Lanka,2018,0,3324322,152,1468129,211234,1560416,84544,67,10,71,4
LKA,Sri Lanka,2019,0,3524745,160,1652703,231815,1559835,80392,75,11,71,4
LKA,Sri Lanka,2020,0,3861769,174,1949583,248541,1426446,237199,88,11,64,11
LKA,Sri Lanka,2021,0,5001499,224,2124017,250148,1949542,677792,95,11,87,30
LKA,Sri Lanka,2022,0,3166867,141,1325174,175547,1540653,125492,59,8,69,6
LKA,Sri Lanka,2023,0,3045027,135,1046854,174020,1690132,134021,46,8,75,6
LKA,Sri Lanka,2024,1,3402481,150,1310181,186039,1815792,90468,58,8,80,4
LKA,Sri Lanka,2025,1,3696562,162,1505274,197392,1881920,111975,66,9,83,5
LKA,Sri Lanka,2026,1,3865414,169,1614801,205323,1936118,109172,71,9,85,5
LKA,Sri Lanka,2027,1,3985156,174,1681344,213425,1992892,97496,73,9,87,4
LKA,Sri Lanka,2028,1,4123170,179,1750718,221977,2051943,98532,76,10,89,4
LKA,Sri Lanka,2029,1,4257037,185,1815946,230847,2112069,98174,79,10,92,4
LKA,Sri Lanka,2030,1,4391526,190,1881558,240067,2171673,98228,81,10,94,4
LKA,Sri Lanka,2031,1,4551333,196,1972412,249358,2229806,99757,85,11,96,4
LKA,Sri Lanka,2032,1,4700055,202,2061070,258792,2279973,100221,89,11,98,4
LKA,Sri Lanka,2033,1,4837884,208,2146480,268276,2322549,100578,92,12,100,4
LKA,Sri Lanka,2034,1,4971785,213,2229642,277945,2363206,100992,96,12,101,4
LKA,Sri Lanka,2035,1,5107720,219,2313918,287851,2404369,101582,99,12,103,4
LKA,Sri Lanka,2036,1,5238376,224,2395203,297824,2443145,102203,103,13,105,4
LKA,Sri Lanka,2037,1,5379249,230,2477251,308302,2490976,102721,106,13,107,4
LKA,Sri Lanka,2038,1,5511700,236,2552371,318867,2537254,103209,109,14,109,4
LKA,Sri Lanka,2039,1,5645206,241,2628259,329705,2583622,103619,112,14,110,4
LKA,Sri Lanka,2040,1,5774164,247,2702459,340450,2627293,103962,116,15,112,4
LKA,Sri Lanka,2041,1,5904444,253,2778304,351398,2670520,104222,119,15,114,4
LKA,Sri Lanka,2042,1,6029772,258,2852762,362206,2710383,104420,122,16,116,4
LKA,Sri Lanka,2043,1,6150453,264,2926193,372884,2746840,104537,125,16,118,4
LKA,Sri Lanka,2044,1,6274963,269,3003500,383824,2783052,104587,129,16,119,4
LKA,Sri Lanka,2045,1,6395502,275,3077572,394982,2818408,104540,132,17,121,4
LKA,Sri Lanka,2046,1,6512602,281,3152909,406304,2851831,101557,136,18,123,4
LKA,Sri Lanka,2047,1,6632374,287,3226635,418012,2886313,101414,139,18,125,4
LKA,Sri Lanka,2048,1,6751947,293,3299978,430053,2920736,101180,143,19,127,4
LKA,Sri Lanka,2049,1,6868530,299,3371184,442309,2954121,100916,147,19,128,4
LKA,Sri Lanka,2050,1,6988197,305,3444565,455009,2988034,100588,150,20,130,4
